season,#,TEAM,P,W,D,L,PF,PA,PD,BP,Pts,team_id
2010-2011,1,Uckfield,22,22,0,0,1034,133,901,16,105,7136
2010-2011,2,Burgess Hill,22,16,0,6,585,260,325,13,77,7136
2010-2011,3,Holbrook,22,14,0,8,458,444,14,12,69,7136
2010-2011,4,Pulborough,22,15,0,7,529,390,139,13,68,7136
2010-2011,5,Hastings & Bexhill,22,14,0,8,600,278,322,11,68,7136
2010-2011,6,Seaford,22,11,1,10,424,401,23,9,56,7136
2010-2011,7,Brighton II,22,11,1,10,489,326,163,9,45,7136
2010-2011,8,Rye,22,7,0,15,306,543,-237,8,38,7136
2010-2011,9,East Grinstead II,22,6,0,16,338,512,-174,9,33,7136
2010-2011,10,Worthing III,22,8,0,14,434,564,-130,11,28,7136
2010-2011,11,Eastbourne II,22,4,0,18,231,662,-431,7,23,7136
2010-2011,12,St Francis,22,3,0,19,109,1024,-915,0,12,7136
2011-2012,1,Pulborough,18,14,0,4,580,213,367,16,72,7136
2011-2012,2,East Grinstead II,18,13,0,5,376,220,156,9,62,7136
2011-2012,3,Burgess Hill,18,13,0,5,365,234,131,7,54,7136
2011-2012,4,Seaford,18,8,0,10,319,308,11,10,43,7136
2011-2012,5,Holbrook,18,7,0,11,360,373,-13,11,39,7136
2011-2012,6,Newick,18,7,0,11,342,452,-110,6,34,7136
2011-2012,7,Rye,18,7,0,11,275,439,-164,4,33,7136
2011-2012,8,Brighton II,18,10,0,8,437,322,115,6,32,7136
2011-2012,9,Eastbourne II,18,5,0,13,245,505,-260,6,27,7136
2011-2012,10,Chichester III,18,6,0,12,237,470,-233,4,8,7136
2011-2012,11,Worthing III,,0,0,0,0,0,0,0,0,7136
2012-2013,1,Dorking A XV,18,18,0,0,721,175,546,13,85,7136
2012-2013,2,Rosslyn Park Hatters (5th XV),17,12,0,5,447,383,64,9,62,7136
2012-2013,3,East Grinstead II,17,12,0,5,336,220,116,7,59,7136
2012-2013,4,London Cornish 2nd XV,16,8,0,8,308,295,13,8,48,7136
2012-2013,5,Old Reigatian 2nd XV,17,8,0,9,325,348,-23,7,47,7136
2012-2013,6,Guildford 2nd XV,17,6,0,11,283,415,-132,6,40,7136
2012-2013,7,Cobham 2nd XV,17,4,0,13,274,407,-133,10,35,7136
2012-2013,8,Sutton & Epsom 2nd XV,17,6,0,11,266,484,-218,2,34,7136
2012-2013,9,Wimbledon 2nd XV,15,3,0,12,283,514,-231,6,29,7136
2012-2013,10,Bournemouth II,11,4,0,7,117,119,-2,4,21,7136
2012-2013,11,Hove II,0,0,0,0,0,0,0,0,0,7136
2013-2014,1,Barnes 2nd XV,17,15,0,2,447,201,246,10,72,7136
2013-2014,2,London Irish Amateur Wanderers (2nd XV),17,13,0,4,550,297,253,11,67,7136
2013-2014,3,Richmond Saxons (3rd XV),14,10,1,3,533,206,327,11,56,7136
2013-2014,4,Westcombe Park II,17,9,0,8,377,366,11,9,53,7136
2013-2014,5,Dorking A XV,17,9,0,8,354,443,-89,5,49,7136
2013-2014,6,Hammersmith & Fulham II,17,5,0,12,298,581,-283,8,40,7136
2013-2014,7,Rams II,12,4,1,7,265,282,-17,6,31,7136
2013-2014,8,East Grinstead II,14,4,0,10,138,232,-94,2,20,7136
2013-2014,9,Guildford 2nd XV,14,2,0,12,143,367,-224,2,15,7136
2013-2014,10,Tonbridge Juddians 2nd XV,0,0,0,0,0,0,0,0,0,7136
2014-2015,1,Rams II,17,16,0,1,662,157,505,12,77,7136
2014-2015,2,Chinnor II Falcons,14,11,0,3,433,177,256,11,58,7136
2014-2015,3,Richmond Normans (4th XV),13,9,0,4,367,362,5,8,48,7136
2014-2015,4,Ealing Men's 1sts,15,8,0,7,291,325,-34,5,44,7136
2014-2015,5,Esher Development XV,15,6,1,8,387,479,-92,5,39,7136
2014-2015,6,East Grinstead II,13,6,0,7,213,203,10,3,34,7136
2014-2015,7,London Cornish 2nd XV,15,5,1,9,289,337,-48,3,34,7136
2014-2015,8,Rosslyn Park Hatters (5th XV),15,4,2,9,266,336,-70,4,33,7136
2014-2015,9,London Scottish Claymores (Amateurs 2nd XV),15,3,0,12,193,444,-251,4,28,7136
2014-2015,10,Old Reigatian 2nd XV,12,2,0,10,115,396,-281,2,20,7136
2015-2016,1,East Grinstead II,10,10,0,0,358,34,324,4,44,7136
2015-2016,2,Hammersmith & Fulham II,10,7,0,3,183,94,89,2,33,7136
2015-2016,3,Chichester II,9,6,0,3,170,93,77,2,27,7136
2015-2016,4,London Scottish Claymores (Amateurs 2nd XV),10,3,0,7,108,316,-208,1,18,7136
2015-2016,5,Old Reigatian 2nd XV,8,2,0,6,53,155,-102,0,10,7136
2015-2016,6,Esher Development XV,10,0,0,10,0,200,-200,0,0,7136
2017-2018,1,Bognor II,14,11,0,3,417,202,215,1,55,7136
2017-2018,2,Brighton III,14,12,0,2,492,171,321,0,54,7136
2017-2018,3,East Grinstead II,14,8,0,6,425,287,138,0,45,7136
2017-2018,4,Pulborough III,14,7,0,7,352,335,17,2,40,7136
2017-2018,5,Burgess Hill II,14,6,0,8,329,398,-69,1,40,7136
2017-2018,6,St Leonards Cinque Ports,14,6,0,8,274,356,-82,1,40,7136
2017-2018,7,Hellingly II,14,4,1,9,228,327,-99,4,39,7136
2017-2018,8,Eastbourne II,14,1,1,12,140,581,-441,1,21,7136
2017-2018,9,Crowborough II,0,0,0,0,0,0,0,0,0,7136
2017-2018,10,Horsham III (Casuals),0,0,0,0,0,0,0,0,0,7136
2018-2019,1,Crowborough II,20,16,0,4,744,332,412,1,78,7136
2018-2019,2,East Grinstead II,20,15,0,5,667,378,289,0,75,7136
2018-2019,3,Hellingly II,20,11,0,9,371,458,-87,0,58,7136
2018-2019,4,St Leonards Cinque Ports,20,8,0,12,552,459,93,4,57,7136
2018-2019,5,Lewes II,20,7,0,13,431,462,-31,4,56,7136
2018-2019,6,Rye,20,9,0,11,509,522,-13,1,52,7136
2018-2019,7,Heathfield & Waldron III,19,8,0,11,318,560,-242,1,51,7136
2018-2019,8,Crawley II,19,5,0,14,279,700,-421,2,18,7136
2019-2020,1,Heathfield & Waldron II,12,8,0,4,310,191,119,2,45,7136
2019-2020,2,Rye,11,8,0,3,274,131,143,0,43,7136
2019-2020,3,Eastbourne II,12,4,0,8,253,291,-38,1,32,7136
2019-2020,4,St Leonards Cinque Ports,8,5,0,3,174,148,26,0,31,7136
2019-2020,5,East Grinstead II,7,6,0,1,219,183,36,0,27,7136
2019-2020,6,Hellingly II,9,5,0,4,174,145,29,1,27,7136
2019-2020,7,Uckfield II,12,3,0,9,226,342,-116,1,27,7136
2019-2020,8,Lewes II,9,1,0,8,91,290,-199,0,16,7136
2019-2020,9,Crowborough III,0,0,0,0,0,0,0,0,0,7136
2021-2022,1,Royals RFC 1st XV Men,5,5,0,0,230,57,173,4,28,7136
2021-2022,2,East Grinstead II,5,4,0,1,205,63,142,4,23,7136
2021-2022,3,Uckfield II,5,3,0,2,94,133,-39,1,15,7136
2022-2023,1,Hove III,12,10,0,2,506,182,324,11,60,7136
2022-2023,2,Eastbourne II,12,8,0,4,504,169,335,10,54,7136
2022-2023,3,Heathfield & Waldron II,12,9,0,3,332,206,126,6,51,7136
2022-2023,4,St Francis,12,6,1,5,373,289,84,9,48,7136
2022-2023,5,East Grinstead II,12,6,1,5,333,274,59,4,42,7136
2022-2023,6,Uckfield II,12,2,0,10,168,438,-270,3,27,7136
2022-2023,7,Crawley II,12,0,0,12,43,701,-658,0,8,7136
2023-2024,16,Ditchling,0,0,0,0,0,0,0,0,0,7136
2023-2024,17,East Grinstead II,1,1,0,0,34,14,20,0,0,7136
2023-2024,18,East Grinstead Vets,1,1,0,0,15,12,3,0,0,7136
2024-2025,1,Eastbourne II,18,15,0,3,561,217,344,8,78,7136
2024-2025,2,Royals RFC,18,13,0,5,525,256,269,11,77,7136
2024-2025,3,Barns Green,18,11,1,6,470,254,216,10,72,7136
2024-2025,4,East Grinstead II,18,12,0,6,500,322,178,7,68,7136
2024-2025,5,Burgess Hill,18,11,0,7,420,252,168,6,68,7136
2024-2025,6,Horsham Barbarians,18,10,0,8,421,370,51,6,63,7136
2024-2025,7,Haywards Heath II,18,6,1,11,302,486,-184,5,40,7136
2024-2025,8,Shoreham II,18,6,0,12,326,475,-149,5,38,7136
2024-2025,9,Midhurst,18,3,0,15,203,599,-396,2,25,7136
2024-2025,10,Newick,18,2,0,16,90,587,-497,0,2,7136
2025-2026,1,Burgess Hill,18,17,1,0,621,181,440,12,95,7136
2025-2026,2,Hove II,18,14,0,4,664,277,387,15,86,7136
2025-2026,3,Uckfield,18,10,0,8,510,432,78,10,67,7136
2025-2026,4,Horsham Barbarians,18,9,0,9,427,448,-21,7,61,7136
2025-2026,5,Haywards Heath II,18,8,1,9,466,378,88,11,61,7136
2025-2026,6,East Grinstead II,18,10,0,8,354,431,-77,7,58,7136
2025-2026,7,Crowborough II,18,7,1,10,417,472,-55,6,56,7136
2025-2026,8,Worthing III,18,7,0,11,384,486,-102,8,56,7136
2025-2026,9,Hellingly,18,5,0,13,339,547,-208,3,45,7136
2025-2026,10,Shoreham II,18,1,1,16,183,713,-530,5,12,7136
