A,T,Con,PK,DG,YC,RC,Points,PPG,Season,Squad,Tries,Cons,Pens,Player_join
3,1,0,0,0,0,0,5,1.6666666666666667,2021/22,1st,5,0,0,J Andrews
3,0,0,0,0,0,0,0,0.0,2021/22,1st,0,0,0,D Arnold
1,0,0,0,0,0,0,0,0.0,2021/22,1st,0,0,0,T Benn
10,0,0,0,0,0,0,0,0.0,2021/22,1st,0,0,0,D Billin
5,0,10,2,0,0,0,26,5.2,2021/22,1st,0,20,6,O Billin
3,1,0,0,0,0,0,5,1.6666666666666667,2021/22,1st,5,0,0,D Bridges
7,1,0,0,0,0,0,5,0.7142857142857143,2021/22,1st,5,0,0,J Brimecombe
1,0,0,0,0,0,0,0,0.0,2021/22,1st,0,0,0,J Busby
5,0,0,0,0,0,0,0,0.0,2021/22,1st,0,0,0,T Byron
4,0,0,0,0,1,0,0,0.0,2021/22,1st,0,0,0,N Carter
5,0,0,0,0,0,0,0,0.0,2021/22,1st,0,0,0,L Casey
15,6,0,0,0,0,0,30,2.0,2021/22,1st,30,0,0,M Crawley-Moore
1,0,0,0,0,0,0,0,0.0,2021/22,1st,0,0,0,J Davidson
3,0,0,0,0,0,0,0,0.0,2021/22,1st,0,0,0,R Dodgson
14,7,0,0,0,0,0,35,2.5,2021/22,1st,35,0,0,D Frost
12,3,0,0,0,1,0,15,1.25,2021/22,1st,15,0,0,J Funnell
2,0,0,0,0,0,0,0,0.0,2021/22,1st,0,0,0,T Hicks
2,1,0,0,0,0,0,5,2.5,2021/22,1st,5,0,0,A Jackson
1,0,0,0,0,0,0,0,0.0,2021/22,1st,0,0,0,J Jacobs
11,13,0,0,0,0,0,65,5.909090909090909,2021/22,1st,65,0,0,G Johnson
1,0,0,0,0,0,0,0,0.0,2021/22,1st,0,0,0,T Kiernan
6,4,0,0,0,0,0,20,3.3333333333333335,2021/22,1st,20,0,0,C Leggat
2,0,0,0,0,0,0,0,0.0,2021/22,1st,0,0,0,C Leggat
13,2,0,0,0,2,0,10,0.7692307692307693,2021/22,1st,10,0,0,S Lindsay
1,0,0,0,0,0,0,0,0.0,2021/22,1st,0,0,0,R Mcgealy
7,4,0,0,0,0,0,20,2.857142857142857,2021/22,1st,20,0,0,A Moffatt
1,0,0,0,0,0,0,0,0.0,2021/22,1st,0,0,0,S Montagu
10,0,0,0,0,1,0,0,0.0,2021/22,1st,0,0,0,S Morgan
13,8,1,0,0,0,0,42,3.230769230769231,2021/22,1st,40,2,0,R Morlen
3,0,0,0,0,0,0,0,0.0,2021/22,1st,0,0,0,P Morley
1,0,0,0,0,0,0,0,0.0,2021/22,1st,0,0,0,T Morris
2,1,0,0,0,0,0,5,2.5,2021/22,1st,5,0,0,A Neill
1,1,0,0,0,0,0,5,5.0,2021/22,1st,5,0,0,G Nye
1,0,0,0,0,0,0,0,0.0,2021/22,1st,0,0,0,K Oliveira
4,0,0,0,0,0,0,0,0.0,2021/22,1st,0,0,0,E O'Donoghue
13,2,0,0,0,0,0,10,0.7692307692307693,2021/22,1st,10,0,0,J Peaty
1,0,0,0,0,0,0,0,0.0,2021/22,1st,0,0,0,O Peel
13,1,38,5,0,0,0,96,7.384615384615385,2021/22,1st,5,76,15,D Poulton
11,11,0,0,0,0,0,55,5.0,2021/22,1st,55,0,0,J Radcliffe
1,0,5,0,0,0,0,10,10.0,2021/22,1st,0,10,0,T Rowe
9,5,0,0,0,0,0,25,2.7777777777777777,2021/22,1st,25,0,0,J Skipworth
8,5,9,0,0,0,0,43,5.375,2021/22,1st,25,18,0,S Spriddell
1,0,0,0,0,0,0,0,0.0,2021/22,1st,0,0,0,C Taylor
13,3,0,0,0,0,0,15,1.1538461538461537,2021/22,1st,15,0,0,B Tottman
8,1,0,0,0,0,0,5,0.625,2021/22,1st,5,0,0,A Vickers
14,22,0,0,0,0,0,110,7.857142857142857,2021/22,1st,110,0,0,F Wood
2,1,4,0,0,0,0,13,6.5,2022/23,1st,5,8,0,O Adams
3,4,0,0,0,0,0,20,6.666666666666667,2022/23,1st,20,0,0,B Beard
1,0,0,0,0,0,0,0,0.0,2022/23,1st,0,0,0,G Beet
6,0,0,0,0,0,0,0,0.0,2022/23,1st,0,0,0,D Billin
1,0,0,0,0,0,0,0,0.0,2022/23,1st,0,0,0,J Billin
13,2,28,20,0,0,0,126,9.692307692307692,2022/23,1st,10,56,60,O Billin
17,7,0,0,0,0,0,35,2.0588235294117645,2022/23,1st,35,0,0,A Boczek
15,4,0,0,0,1,0,20,1.3333333333333333,2022/23,1st,20,0,0,D Bridges
16,0,0,0,0,0,0,0,0.0,2022/23,1st,0,0,0,J Brimecombe
1,0,0,0,0,0,0,0,0.0,2022/23,1st,0,0,0,T Byron
7,10,6,0,0,0,0,62,8.857142857142858,2022/23,1st,50,12,0,E Carrick
17,0,0,0,0,1,0,0,0.0,2022/23,1st,0,0,0,G Collins
18,5,1,0,0,0,0,27,1.5,2022/23,1st,25,2,0,M Crawley-Moore
3,0,0,0,0,0,0,0,0.0,2022/23,1st,0,0,0,R Dodgson
1,0,0,0,0,0,0,0,0.0,2022/23,1st,0,0,0,D Fraser
16,6,0,0,0,0,0,30,1.875,2022/23,1st,30,0,0,D Frost
3,0,0,0,0,0,0,0,0.0,2022/23,1st,0,0,0,J Funnell
9,0,0,0,0,0,0,0,0.0,2022/23,1st,0,0,0,B Hogan
1,0,0,0,0,0,0,0,0.0,2022/23,1st,0,0,0,J Jenkins
17,12,0,0,0,1,0,60,3.5294117647058822,2022/23,1st,60,0,0,G Johnson
9,2,0,0,0,1,1,10,1.1111111111111112,2022/23,1st,10,0,0,C Leggat
16,3,0,0,0,0,0,15,0.9375,2022/23,1st,15,0,0,S Lindsay
1,0,0,0,0,0,0,0,0.0,2022/23,1st,0,0,0,T Mitchell
2,3,0,0,0,1,0,15,7.5,2022/23,1st,15,0,0,T Mitchell
16,10,0,0,0,0,0,50,3.125,2022/23,1st,50,0,0,A Moffatt
1,0,0,0,0,0,0,0,0.0,2022/23,1st,0,0,0,M Morgan
8,0,0,0,0,1,0,0,0.0,2022/23,1st,0,0,0,S Morgan
16,20,1,0,0,0,0,102,6.375,2022/23,1st,100,2,0,R Morlen
13,1,0,0,0,0,0,5,0.38461538461538464,2022/23,1st,5,0,0,P Morley
19,6,0,0,0,0,0,30,1.5789473684210527,2022/23,1st,30,0,0,J Peaty
17,1,32,4,0,1,0,81,4.764705882352941,2022/23,1st,5,64,12,D Poulton
11,12,0,0,0,0,0,60,5.454545454545454,2022/23,1st,60,0,0,J Radcliffe
1,1,0,0,0,0,0,5,5.0,2022/23,1st,5,0,0,W Roberts
7,3,0,0,0,1,0,15,2.142857142857143,2022/23,1st,15,0,0,B Saunders
2,0,0,0,0,0,0,0,0.0,2022/23,1st,0,0,0,O Shay
12,3,5,0,0,0,0,25,2.0833333333333335,2022/23,1st,15,10,0,S Spriddell
3,0,0,0,0,0,0,0,0.0,2022/23,1st,0,0,0,C Taylor
7,5,4,1,0,0,0,36,5.142857142857143,2022/23,1st,25,8,3,J Terry
8,1,0,0,0,2,0,5,0.625,2022/23,1st,5,0,0,R Thomas
19,3,0,0,0,2,0,15,0.7894736842105263,2022/23,1st,15,0,0,B Tottman
9,1,0,0,0,0,0,5,0.5555555555555556,2022/23,1st,5,0,0,A Vickers
11,3,0,0,0,0,0,15,1.3636363636363635,2022/23,1st,15,0,0,J Walker
4,0,0,0,0,0,0,0,0.0,2023/24,1st,0,0,0,J Andrews
2,0,0,0,0,0,0,0,0.0,2023/24,1st,0,0,0,B Beard
20,1,0,0,0,2,0,5,0.25,2023/24,1st,5,0,0,D Billin
7,0,0,0,0,0,0,0,0.0,2023/24,1st,0,0,0,J Billin
24,6,36,29,0,0,0,189,7.875,2023/24,1st,30,72,87,O Billin
21,3,0,0,0,2,0,15,0.7142857142857143,2023/24,1st,15,0,0,A Boczek
2,0,0,0,0,0,0,0,0.0,2023/24,1st,0,0,0,W Bramwell
17,1,0,0,0,1,1,5,0.29411764705882354,2023/24,1st,5,0,0,D Bridges
21,2,0,0,0,0,0,10,0.47619047619047616,2023/24,1st,10,0,0,J Brimecombe
7,0,0,0,0,0,0,0,0.0,2023/24,1st,0,0,0,T Byron
25,1,0,0,0,0,0,5,0.2,2023/24,1st,5,0,0,G Collins
16,2,0,0,0,1,0,10,0.625,2023/24,1st,10,0,0,M Crawley-Moore
3,0,0,0,0,0,0,0,0.0,2023/24,1st,0,0,0,R Evans
1,0,0,0,0,0,0,0,0.0,2023/24,1st,0,0,0,D Fraser
2,0,0,0,0,0,0,0,0.0,2023/24,1st,0,0,0,J Funnell
7,2,0,0,0,1,0,10,1.4285714285714286,2023/24,1st,10,0,0,C Geraghty
4,0,0,0,0,0,0,0,0.0,2023/24,1st,0,0,0,H Griffiths
13,2,0,0,0,0,0,10,0.7692307692307693,2023/24,1st,10,0,0,T Hardisty
2,0,0,0,0,0,0,0,0.0,2023/24,1st,0,0,0,D Hulst
2,0,0,0,0,0,0,0,0.0,2023/24,1st,0,0,0,G Johnson
1,0,0,0,0,0,0,0,0.0,2023/24,1st,0,0,0,S Kennett
20,3,0,0,0,0,0,15,0.75,2023/24,1st,15,0,0,C Leggat
22,2,0,0,0,1,0,10,0.45454545454545453,2023/24,1st,10,0,0,S Lindsay
13,1,3,1,0,1,0,14,1.0769230769230769,2023/24,1st,5,6,3,L Maker
3,1,0,0,0,0,0,5,1.6666666666666667,2023/24,1st,5,0,0,T Marr
2,0,0,0,0,0,0,0,0.0,2023/24,1st,0,0,0,E Martin-Drew
4,1,0,0,0,0,0,5,1.25,2023/24,1st,5,0,0,C May-Miller
2,0,0,0,0,0,0,0,0.0,2023/24,1st,0,0,0,T Mitchell
19,4,0,0,0,0,0,20,1.0526315789473684,2023/24,1st,20,0,0,A Moffatt
3,0,0,0,0,0,0,0,0.0,2023/24,1st,0,0,0,T Mooney
2,0,0,0,0,1,0,0,0.0,2023/24,1st,0,0,0,S Morgan
4,0,0,0,0,0,0,0,0.0,2023/24,1st,0,0,0,P Morley
9,2,0,0,0,0,0,10,1.1111111111111112,2023/24,1st,10,0,0,S Musgrave
5,0,0,0,0,1,0,0,0.0,2023/24,1st,0,0,0,M Oliver
13,0,0,0,0,1,0,0,0.0,2023/24,1st,0,0,0,J Peaty
2,0,0,0,0,0,0,0,0.0,2023/24,1st,0,0,0,B Pellett
15,1,0,0,0,0,0,5,0.3333333333333333,2023/24,1st,5,0,0,D Poulton
4,1,0,0,0,0,0,5,1.25,2023/24,1st,5,0,0,C Pullen
18,11,0,0,0,1,0,55,3.0555555555555554,2023/24,1st,55,0,0,J Radcliffe
8,0,0,0,0,0,0,0,0.0,2023/24,1st,0,0,0,N Roberts
16,4,0,0,0,0,0,20,1.25,2023/24,1st,20,0,0,B Saunders
2,0,0,0,0,0,0,0,0.0,2023/24,1st,0,0,0,R Skinner
11,2,0,0,0,1,0,10,0.9090909090909091,2023/24,1st,10,0,0,S Spriddell
2,0,0,0,0,0,0,0,0.0,2023/24,1st,0,0,0,O Staples
3,1,0,0,0,0,0,5,1.6666666666666667,2023/24,1st,5,0,0,C Taylor
25,4,0,0,0,3,0,20,0.8,2023/24,1st,20,0,0,R Thomas
25,0,0,0,0,2,0,0,0.0,2023/24,1st,0,0,0,B Tottman
1,0,0,0,0,0,0,0,0.0,2023/24,1st,0,0,0,A Vickers
1,0,0,0,0,0,0,0,0.0,2023/24,1st,0,0,0,J Weaver
7,4,0,0,0,1,0,20,2.857142857142857,2023/24,1st,20,0,0,H White
4,1,0,0,0,0,0,5,1.25,2023/24,1st,5,0,0,A Yaffa
2,1,0,0,0,0,0,5,2.5,2024/25,1st,5,0,0,B Beard
9,0,0,0,0,0,0,0,0.0,2024/25,1st,0,0,0,G Beet
2,0,0,0,0,0,0,0,0.0,2024/25,1st,0,0,0,H Berry
12,0,0,0,0,0,0,0,0.0,2024/25,1st,0,0,0,D Billin
2,0,0,0,0,0,0,0,0.0,2024/25,1st,0,0,0,J Billin
12,0,12,13,0,0,0,63,5.25,2024/25,1st,0,24,39,O Billin
1,0,0,0,0,1,1,0,0.0,2024/25,1st,0,0,0,A Boczek
1,0,0,0,0,0,0,0,0.0,2024/25,1st,0,0,0,W Bramwell
7,1,0,0,0,0,0,5,0.7142857142857143,2024/25,1st,5,0,0,D Bridges
16,0,0,0,0,1,0,0,0.0,2024/25,1st,0,0,0,J Brimecombe
16,3,0,0,0,2,1,15,0.9375,2024/25,1st,15,0,0,G Collins
9,1,0,0,0,0,0,5,0.5555555555555556,2024/25,1st,5,0,0,M Crawley-Moore
4,0,0,0,0,0,0,0,0.0,2024/25,1st,0,0,0,R Evans
1,0,0,0,0,0,0,0,0.0,2024/25,1st,0,0,0,D Fraser
2,0,0,0,0,0,0,0,0.0,2024/25,1st,0,0,0,J Funnell
1,0,0,0,0,0,0,0,0.0,2024/25,1st,0,0,0,C Geraghty
14,4,0,0,0,0,0,20,1.4285714285714286,2024/25,1st,20,0,0,T Hardisty
1,0,0,0,0,0,0,0,0.0,2024/25,1st,0,0,0,R Harris
1,0,0,0,0,0,0,0,0.0,2024/25,1st,0,0,0,D Hulst
11,2,0,0,0,3,0,10,0.9090909090909091,2024/25,1st,10,0,0,C Leggat
1,0,0,0,0,0,0,0,0.0,2024/25,1st,0,0,0,M Lewis
18,0,0,0,0,0,0,0,0.0,2024/25,1st,0,0,0,S Lindsay
14,2,7,2,0,1,0,30,2.142857142857143,2024/25,1st,10,14,6,L Maker
13,2,0,0,0,0,0,10,0.7692307692307693,2024/25,1st,10,0,0,C May-Miller
1,0,0,0,0,0,0,0,0.0,2024/25,1st,0,0,0,N Merrion
9,4,0,0,0,0,0,20,2.2222222222222223,2024/25,1st,20,0,0,A Moffatt
14,0,0,0,0,0,0,0,0.0,2024/25,1st,0,0,0,T Mooney
1,0,0,0,0,0,0,0,0.0,2024/25,1st,0,0,0,M Morgan
1,0,0,0,0,0,0,0,0.0,2024/25,1st,0,0,0,R Morlen
1,0,0,0,0,0,0,0,0.0,2024/25,1st,0,0,0,P Morley
6,0,0,0,0,0,0,0,0.0,2024/25,1st,0,0,0,T Morris
2,0,0,0,0,0,0,0,0.0,2024/25,1st,0,0,0,G Naylor
1,0,0,0,0,0,0,0,0.0,2024/25,1st,0,0,0,N Oliver
8,0,0,0,0,0,0,0,0.0,2024/25,1st,0,0,0,J Peaty
1,0,0,0,0,0,0,0,0.0,2024/25,1st,0,0,0,B Pellett
4,0,0,0,0,0,0,0,0.0,2024/25,1st,0,0,0,D Poulton
14,6,0,0,0,0,0,30,2.142857142857143,2024/25,1st,30,0,0,J Radcliffe
14,4,3,4,0,0,0,38,2.7142857142857144,2024/25,1st,20,6,12,N Roberts
6,2,0,0,0,0,0,10,1.6666666666666667,2024/25,1st,10,0,0,W Roberts
3,0,0,0,0,0,0,0,0.0,2024/25,1st,0,0,0,O Shay
3,0,0,0,0,1,0,0,0.0,2024/25,1st,0,0,0,R Skinner
7,1,0,0,0,0,0,5,0.7142857142857143,2024/25,1st,5,0,0,S Spriddell
6,0,0,0,0,0,0,0,0.0,2024/25,1st,0,0,0,O Staples
4,0,0,0,0,0,0,0,0.0,2024/25,1st,0,0,0,C Taylor
14,2,0,0,0,1,1,10,0.7142857142857143,2024/25,1st,10,0,0,R Thomas
5,0,0,0,0,0,0,0,0.0,2024/25,1st,0,0,0,O Toogood
15,2,0,0,0,2,0,10,0.6666666666666666,2024/25,1st,10,0,0,B Tottman
7,1,0,0,0,0,0,5,0.7142857142857143,2024/25,1st,5,0,0,J Weaver
3,3,0,0,0,0,0,15,5.0,2024/25,1st,15,0,0,A Yaffa
1,0,0,0,0,1,0,0,0.0,2024/25,1st,0,0,0,D Maynard
2,0,0,0,0,0,0,0,0.0,2021/22,2nd,0,0,0,D Arnold
3,0,0,0,0,0,0,0,0.0,2021/22,2nd,0,0,0,J Ayres
1,1,0,0,0,0,0,5,5.0,2021/22,2nd,5,0,0,B Beard
12,1,0,0,0,0,0,5,0.4166666666666667,2021/22,2nd,5,0,0,G Beet
5,1,0,0,0,0,0,5,1.0,2021/22,2nd,5,0,0,T Benn
18,2,0,0,0,0,0,10,0.5555555555555556,2021/22,2nd,10,0,0,H Berry
3,2,0,0,0,0,0,10,3.3333333333333335,2021/22,2nd,10,0,0,D Billin
1,0,0,0,0,0,0,0,0.0,2021/22,2nd,0,0,0,O Billin
9,3,0,0,0,0,0,15,1.6666666666666667,2021/22,2nd,15,0,0,A Blackmore
8,0,0,0,0,0,0,0,0.0,2021/22,2nd,0,0,0,D Bridges
6,0,0,0,0,1,0,0,0.0,2021/22,2nd,0,0,0,J Brimecombe
3,0,0,0,0,0,0,0,0.0,2021/22,2nd,0,0,0,M Brooke
1,0,0,0,0,0,0,0,0.0,2021/22,2nd,0,0,0,O Brown
1,0,0,0,0,0,0,0,0.0,2021/22,2nd,0,0,0,H Bryant
4,0,0,0,0,0,0,0,0.0,2021/22,2nd,0,0,0,W Burch
5,1,0,0,0,0,0,5,1.0,2021/22,2nd,5,0,0,J Busby
1,0,0,0,0,0,0,0,0.0,2021/22,2nd,0,0,0,T Byron
9,9,4,3,0,0,0,62,6.888888888888889,2021/22,2nd,45,8,9,E Carrick
1,0,0,0,0,0,0,0,0.0,2021/22,2nd,0,0,0,N Carter
1,0,0,0,0,0,0,0,0.0,2021/22,2nd,0,0,0,L Casey
13,1,12,0,0,0,0,29,2.230769230769231,2021/22,2nd,5,24,0,J Davidson
15,3,0,0,0,0,0,15,1.0,2021/22,2nd,15,0,0,S Devlin
5,2,0,0,0,0,0,10,2.0,2021/22,2nd,10,0,0,R Dodgson
11,0,0,0,0,0,0,0,0.0,2021/22,2nd,0,0,0,R Duncanson
2,0,0,0,0,0,0,0,0.0,2021/22,2nd,0,0,0,B English
15,1,0,0,0,1,0,5,0.3333333333333333,2021/22,2nd,5,0,0,R Evans
1,0,0,0,0,0,0,0,0.0,2021/22,2nd,0,0,0,D Frost
1,0,0,0,0,0,0,0,0.0,2021/22,2nd,0,0,0,M Fulham
3,0,0,0,0,0,0,0,0.0,2021/22,2nd,0,0,0,B Gray
14,0,0,0,0,0,0,0,0.0,2021/22,2nd,0,0,0,D Gwynn
4,1,0,0,0,0,0,5,1.25,2021/22,2nd,5,0,0,T Halligey
5,3,0,0,0,0,0,15,3.0,2021/22,2nd,15,0,0,B Hogan
2,3,2,0,0,0,0,19,9.5,2021/22,2nd,15,4,0,J Hollis
1,1,0,0,0,0,0,5,5.0,2021/22,2nd,5,0,0,A Jackson
7,1,0,0,0,0,0,5,0.7142857142857143,2021/22,2nd,5,0,0,J Jacobs
1,2,0,0,0,0,0,10,10.0,2021/22,2nd,10,0,0,J James
4,0,0,0,0,0,0,0,0.0,2021/22,2nd,0,0,0,J Jardim
2,1,0,0,0,0,0,5,2.5,2021/22,2nd,5,0,0,G Johnson
7,0,0,0,0,0,0,0,0.0,2021/22,2nd,0,0,0,T Kiernan
8,2,0,0,0,0,0,10,1.25,2021/22,2nd,10,0,0,A Leadbeater
1,0,0,0,0,0,0,0,0.0,2021/22,2nd,0,0,0,C Leggat
2,0,0,0,0,0,0,0,0.0,2021/22,2nd,0,0,0,S Lindsay
2,0,0,0,0,0,0,0,0.0,2021/22,2nd,0,0,0,S Lindsay
2,1,0,0,0,0,0,5,2.5,2021/22,2nd,5,0,0,S Madden
3,1,0,0,0,0,0,5,1.6666666666666667,2021/22,2nd,5,0,0,M Marriott
2,2,0,0,0,0,0,10,5.0,2021/22,2nd,10,0,0,A Maynard
1,0,0,0,0,0,0,0,0.0,2021/22,2nd,0,0,0,R Mcgealy
11,4,0,0,0,0,0,20,1.8181818181818181,2021/22,2nd,20,0,0,A Moffatt
10,5,0,0,0,0,0,25,2.5,2021/22,2nd,25,0,0,S Montagu
2,0,0,0,0,0,0,0,0.0,2021/22,2nd,0,0,0,M Morgan
1,0,0,0,0,0,0,0,0.0,2021/22,2nd,0,0,0,S Morgan
2,1,0,0,0,0,0,5,2.5,2021/22,2nd,5,0,0,R Morlen
8,0,0,0,0,0,0,0,0.0,2021/22,2nd,0,0,0,P Morley
5,2,0,0,0,0,0,10,2.0,2021/22,2nd,10,0,0,T Morris
13,6,0,0,0,0,0,30,2.3076923076923075,2021/22,2nd,30,0,0,A Neill
3,0,0,0,0,0,0,0,0.0,2021/22,2nd,0,0,0,K Oliveira
7,1,0,0,0,0,0,5,0.7142857142857143,2021/22,2nd,5,0,0,M Oliver
3,4,0,0,0,0,0,20,6.666666666666667,2021/22,2nd,20,0,0,E O'Donoghue
3,0,0,0,0,0,0,0,0.0,2021/22,2nd,0,0,0,O Peel
4,0,0,0,0,0,0,0,0.0,2021/22,2nd,0,0,0,B Pellett
2,0,0,0,0,0,0,0,0.0,2021/22,2nd,0,0,0,C Pentney
7,0,0,0,0,0,0,0,0.0,2021/22,2nd,0,0,0,G Phillips
6,3,0,0,0,0,0,15,2.5,2021/22,2nd,15,0,0,R Poole
2,0,0,0,0,0,0,0,0.0,2021/22,2nd,0,0,0,M Redmond
1,0,0,0,0,0,0,0,0.0,2021/22,2nd,0,0,0,O Roberts
2,0,0,0,0,0,0,0,0.0,2021/22,2nd,0,0,0,M Robotham
7,1,19,10,0,0,0,73,10.428571428571429,2021/22,2nd,5,38,30,T Rowe
2,0,0,0,0,0,0,0,0.0,2021/22,2nd,0,0,0,S Shimizu
1,0,0,0,0,0,0,0,0.0,2021/22,2nd,0,0,0,M Simmonds
3,2,0,0,0,0,0,10,3.3333333333333335,2021/22,2nd,10,0,0,J Skipworth
4,3,1,0,0,0,0,17,4.25,2021/22,2nd,15,2,0,S Spriddell
2,0,0,0,0,0,0,0,0.0,2021/22,2nd,0,0,0,B Taylor
7,2,1,0,0,0,0,12,1.7142857142857142,2021/22,2nd,10,2,0,C Taylor
3,1,0,0,0,0,0,5,1.6666666666666667,2021/22,2nd,5,0,0,J Terry
2,1,0,0,0,0,0,5,2.5,2021/22,2nd,5,0,0,R Thomas
2,0,1,0,0,0,0,2,1.0,2021/22,2nd,0,2,0,J Tucker
3,0,0,0,0,0,0,0,0.0,2021/22,2nd,0,0,0,M Unsworth
3,0,0,0,0,0,0,0,0.0,2021/22,2nd,0,0,0,L Waite
13,1,0,0,0,0,0,5,0.38461538461538464,2021/22,2nd,5,0,0,B Watkinson
3,0,0,0,0,0,0,0,0.0,2021/22,2nd,0,0,0,H Weller
6,1,0,0,0,0,0,5,0.8333333333333334,2021/22,2nd,5,0,0,D Wilkinson
1,1,3,0,0,0,0,11,11.0,2022/23,2nd,5,6,0,O Adams
2,1,0,0,0,0,0,5,2.5,2022/23,2nd,5,0,0,D Anson-Gates
1,0,0,0,0,0,0,0,0.0,2022/23,2nd,0,0,0,D Arnold
1,0,0,0,0,0,0,0,0.0,2022/23,2nd,0,0,0,H Aronson
1,0,0,0,0,0,0,0,0.0,2022/23,2nd,0,0,0,S Ashley-Williams
1,1,0,0,0,0,0,5,5.0,2022/23,2nd,5,0,0,J Ayres
2,0,0,0,0,0,0,0,0.0,2022/23,2nd,0,0,0,B Beanland
6,3,0,0,0,0,0,15,2.5,2022/23,2nd,15,0,0,G Beet
1,0,0,0,0,0,0,0,0.0,2022/23,2nd,0,0,0,T Benn
13,0,0,0,0,0,0,0,0.0,2022/23,2nd,0,0,0,H Berry
1,1,0,0,0,0,0,5,5.0,2022/23,2nd,5,0,0,D Billin
11,5,4,0,0,0,0,33,3.0,2022/23,2nd,25,8,0,J Billin
5,0,0,0,0,0,0,0,0.0,2022/23,2nd,0,0,0,A Blackmore
6,0,0,0,0,0,0,0,0.0,2022/23,2nd,0,0,0,J Boczek
2,0,0,0,0,0,0,0,0.0,2022/23,2nd,0,0,0,Z Bradbury
2,0,0,0,0,0,0,0,0.0,2022/23,2nd,0,0,0,J Brimecombe
5,0,0,0,0,0,0,0,0.0,2022/23,2nd,0,0,0,M Burger
2,0,0,0,0,0,0,0,0.0,2022/23,2nd,0,0,0,T Byron
3,2,2,0,0,0,0,14,4.666666666666667,2022/23,2nd,10,4,0,E Carrick
3,0,0,0,0,0,0,0,0.0,2022/23,2nd,0,0,0,G Collins
4,0,0,0,0,0,0,0,0.0,2022/23,2nd,0,0,0,J Davidson
13,0,0,0,0,0,0,0,0.0,2022/23,2nd,0,0,0,S Devlin
8,1,13,1,0,0,0,34,4.25,2022/23,2nd,5,26,3,R Dodgson
3,0,0,0,0,0,0,0,0.0,2022/23,2nd,0,0,0,R Duncanson
7,0,0,0,0,0,0,0,0.0,2022/23,2nd,0,0,0,F Edwards
4,0,0,0,0,0,0,0,0.0,2022/23,2nd,0,0,0,B English
1,0,0,0,0,0,0,0,0.0,2022/23,2nd,0,0,0,M English
3,0,0,0,0,0,0,0,0.0,2022/23,2nd,0,0,0,R Evans
2,1,0,0,0,0,0,5,2.5,2022/23,2nd,5,0,0,D Fraser
2,0,0,0,0,0,0,0,0.0,2022/23,2nd,0,0,0,J Gache
1,0,0,0,0,0,0,0,0.0,2022/23,2nd,0,0,0,B Gray
3,0,0,0,0,0,0,0,0.0,2022/23,2nd,0,0,0,D Gwynn
5,0,0,0,0,0,0,0,0.0,2022/23,2nd,0,0,0,T Halligey
2,5,0,0,0,0,0,25,12.5,2022/23,2nd,25,0,0,B Hogan
1,0,0,0,0,0,0,0,0.0,2022/23,2nd,0,0,0,J Hollis
4,0,0,0,0,0,0,0,0.0,2022/23,2nd,0,0,0,D Hulst
1,0,0,0,0,0,0,0,0.0,2022/23,2nd,0,0,0,J Jacobs
2,1,0,0,0,0,0,5,2.5,2022/23,2nd,5,0,0,J James
8,1,0,0,0,0,0,5,0.625,2022/23,2nd,5,0,0,J Jardim
10,2,0,0,0,0,0,10,1.0,2022/23,2nd,10,0,0,J Jenkins
1,0,0,0,0,0,0,0,0.0,2022/23,2nd,0,0,0,G Johnson
1,1,0,0,0,0,0,5,5.0,2022/23,2nd,5,0,0,B Karimanzira
4,3,0,0,0,0,0,15,3.75,2022/23,2nd,15,0,0,S Kennett
3,0,0,0,0,0,0,0,0.0,2022/23,2nd,0,0,0,D King
1,1,0,0,0,0,0,5,5.0,2022/23,2nd,5,0,0,C Leggat
1,0,0,0,0,0,0,0,0.0,2022/23,2nd,0,0,0,S Lindsay
1,0,0,0,0,0,0,0,0.0,2022/23,2nd,0,0,0,S Madden
1,0,0,0,0,0,0,0,0.0,2022/23,2nd,0,0,0,M Marriott
1,0,0,0,0,0,0,0,0.0,2022/23,2nd,0,0,0,E Martin-Drew
1,0,0,0,0,0,0,0,0.0,2022/23,2nd,0,0,0,A Maynard
1,0,0,0,0,0,0,0,0.0,2022/23,2nd,0,0,0,A Moffatt
5,0,0,0,0,0,0,0,0.0,2022/23,2nd,0,0,0,M Morgan
7,0,0,0,0,0,0,0,0.0,2022/23,2nd,0,0,0,S Morgan
1,0,0,0,0,0,0,0,0.0,2022/23,2nd,0,0,0,R Morlen
2,0,0,0,0,0,0,0,0.0,2022/23,2nd,0,0,0,P Morley
2,1,0,0,0,0,0,5,2.5,2022/23,2nd,5,0,0,G Nye
2,1,0,0,0,1,0,5,2.5,2022/23,2nd,5,0,0,K Oliveira
4,0,0,0,0,0,0,0,0.0,2022/23,2nd,0,0,0,M Oliver
10,0,0,0,0,0,0,0,0.0,2022/23,2nd,0,0,0,B Pellett
2,0,0,0,0,0,0,0,0.0,2022/23,2nd,0,0,0,R Poole
9,3,0,0,0,0,0,15,1.6666666666666667,2022/23,2nd,15,0,0,C Pullen
2,1,2,0,0,0,0,9,4.5,2022/23,2nd,5,4,0,N Roberts
5,0,0,0,0,0,0,0,0.0,2022/23,2nd,0,0,0,O Roberts
9,7,0,0,0,0,0,35,3.888888888888889,2022/23,2nd,35,0,0,W Roberts
2,1,0,0,0,0,0,5,2.5,2022/23,2nd,5,0,0,B Saunders
5,0,0,0,0,0,0,0,0.0,2022/23,2nd,0,0,0,O Shay
1,0,0,0,0,0,0,0,0.0,2022/23,2nd,0,0,0,S Spriddell
1,0,0,0,0,0,0,0,0.0,2022/23,2nd,0,0,0,A Stonell
2,0,0,0,0,0,0,0,0.0,2022/23,2nd,0,0,0,B Taylor
11,4,4,0,0,0,0,28,2.5454545454545454,2022/23,2nd,20,8,0,C Taylor
4,0,0,0,0,0,0,0,0.0,2022/23,2nd,0,0,0,S Taylor
1,0,0,0,0,0,0,0,0.0,2022/23,2nd,0,0,0,J Terry
4,1,0,0,0,1,0,5,1.25,2022/23,2nd,5,0,0,R Thomas
2,0,1,0,0,0,0,2,1.0,2022/23,2nd,0,2,0,M Unsworth
2,0,0,0,0,0,0,0,0.0,2022/23,2nd,0,0,0,L Waite
12,0,0,0,0,0,0,0,0.0,2022/23,2nd,0,0,0,B Watkinson
1,0,0,0,0,0,0,0,0.0,2022/23,2nd,0,0,0,J Weeden
1,0,0,0,0,0,0,0,0.0,2022/23,2nd,0,0,0,H Weller
1,0,0,0,0,1,0,0,0.0,2023/24,2nd,0,0,0,O Adams
8,4,0,0,0,1,0,20,2.5,2023/24,2nd,20,0,0,J Andrews
2,1,0,0,0,0,0,5,2.5,2023/24,2nd,5,0,0,D Arnold
1,0,0,0,0,0,0,0,0.0,2023/24,2nd,0,0,0,B Beanland
14,2,0,0,0,0,0,10,0.7142857142857143,2023/24,2nd,10,0,0,G Beet
15,2,0,0,0,0,0,10,0.6666666666666666,2023/24,2nd,10,0,0,H Berry
1,0,0,0,0,0,0,0,0.0,2023/24,2nd,0,0,0,J Billin
1,0,0,0,0,0,0,0,0.0,2023/24,2nd,0,0,0,Z Bradbury
4,0,0,0,0,0,0,0,0.0,2023/24,2nd,0,0,0,W Bramwell
1,0,0,0,0,0,0,0,0.0,2023/24,2nd,0,0,0,D Bridges
4,0,0,0,0,0,0,0,0.0,2023/24,2nd,0,0,0,M Burger
10,1,0,0,0,0,0,5,0.5,2023/24,2nd,5,0,0,T Byron
2,0,0,0,0,0,0,0,0.0,2023/24,2nd,0,0,0,K Clarke
1,0,0,0,0,0,0,0,0.0,2023/24,2nd,0,0,0,G Collins
7,4,0,0,0,0,0,20,2.857142857142857,2023/24,2nd,20,0,0,M Crawley-Moore
1,0,0,0,0,0,0,0,0.0,2023/24,2nd,0,0,0,J Davidson
2,2,0,0,0,0,0,10,5.0,2023/24,2nd,10,0,0,D Davies-Webb
1,0,0,0,0,0,0,0,0.0,2023/24,2nd,0,0,0,M Davies-Webb
7,3,0,0,0,0,0,15,2.142857142857143,2023/24,2nd,15,0,0,S Devlin
1,0,0,0,0,0,0,0,0.0,2023/24,2nd,0,0,0,F Edwards
10,0,0,0,0,1,0,0,0.0,2023/24,2nd,0,0,0,R Evans
4,1,0,0,0,0,0,5,1.25,2023/24,2nd,5,0,0,F Fisher
1,0,0,0,0,0,0,0,0.0,2023/24,2nd,0,0,0,R Foster
2,0,0,0,0,0,0,0,0.0,2023/24,2nd,0,0,0,D Fraser
1,0,0,0,0,0,0,0,0.0,2023/24,2nd,0,0,0,A Fuller
2,2,0,0,0,0,0,10,5.0,2023/24,2nd,10,0,0,J Funnell
1,0,0,0,0,0,0,0,0.0,2023/24,2nd,0,0,0,J Gache
1,0,0,0,0,0,0,0,0.0,2023/24,2nd,0,0,0,C Geraghty
3,0,0,0,0,0,0,0,0.0,2023/24,2nd,0,0,0,H Griffiths
2,0,0,0,0,0,0,0,0.0,2023/24,2nd,0,0,0,J Griffiths
2,1,0,0,0,0,0,5,2.5,2023/24,2nd,5,0,0,O Hall
1,0,0,0,0,0,0,0,0.0,2023/24,2nd,0,0,0,J Hollis
7,3,0,0,0,1,0,15,2.142857142857143,2023/24,2nd,15,0,0,D Hulst
2,0,0,0,0,0,0,0,0.0,2023/24,2nd,0,0,0,J Jardim
1,0,0,0,0,0,0,0,0.0,2023/24,2nd,0,0,0,J Jenkins
3,0,0,0,0,0,0,0,0.0,2023/24,2nd,0,0,0,G Johnson
12,2,0,0,0,0,0,10,0.8333333333333334,2023/24,2nd,10,0,0,S Kennett
1,0,0,0,0,0,0,0,0.0,2023/24,2nd,0,0,0,D King
5,0,0,0,0,0,0,0,0.0,2023/24,2nd,0,0,0,H Lock
8,8,24,3,0,0,0,97,12.125,2023/24,2nd,40,48,9,L Maker
4,1,0,0,0,0,0,5,1.25,2023/24,2nd,5,0,0,T Marr
3,1,0,0,0,0,0,5,1.6666666666666667,2023/24,2nd,5,0,0,C May-Miller
1,0,0,0,0,0,0,0,0.0,2023/24,2nd,0,0,0,A Maynard
1,0,0,0,0,0,0,0,0.0,2023/24,2nd,0,0,0,T Mitchell
2,1,0,0,0,0,0,5,2.5,2023/24,2nd,5,0,0,A Moffatt
1,1,0,0,0,0,0,5,5.0,2023/24,2nd,5,0,0,T Mooney
2,0,0,0,0,0,0,0,0.0,2023/24,2nd,0,0,0,M Morgan
2,3,0,0,0,0,0,15,7.5,2023/24,2nd,15,0,0,R Morlen
12,3,0,0,0,0,0,15,1.25,2023/24,2nd,15,0,0,P Morley
11,0,0,0,0,0,0,0,0.0,2023/24,2nd,0,0,0,T Morris
1,0,0,0,0,0,0,0,0.0,2023/24,2nd,0,0,0,S Musgrave
8,1,0,0,0,0,0,5,0.625,2023/24,2nd,5,0,0,G Naylor
3,0,0,0,0,0,0,0,0.0,2023/24,2nd,0,0,0,K Oliveira
4,0,0,0,0,0,0,0,0.0,2023/24,2nd,0,0,0,M Oliver
4,0,0,0,0,0,0,0,0.0,2023/24,2nd,0,0,0,B Pellett
2,0,0,0,0,0,0,0,0.0,2023/24,2nd,0,0,0,G Phillips
10,1,0,0,0,0,0,5,0.5,2023/24,2nd,5,0,0,C Pullen
1,0,0,0,0,0,0,0,0.0,2023/24,2nd,0,0,0,J Radcliffe
1,1,0,0,0,0,0,5,5.0,2023/24,2nd,5,0,0,O Read
3,0,2,0,0,0,0,4,1.3333333333333333,2023/24,2nd,0,4,0,N Roberts
8,2,1,0,0,0,0,12,1.5,2023/24,2nd,10,2,0,O Roberts
14,15,0,0,0,0,0,75,5.357142857142857,2023/24,2nd,75,0,0,W Roberts
9,1,0,0,0,0,0,5,0.5555555555555556,2023/24,2nd,5,0,0,R Salvi
2,1,0,0,0,0,0,5,2.5,2023/24,2nd,5,0,0,O Shay
12,2,15,0,0,0,0,40,3.3333333333333335,2023/24,2nd,10,30,0,R Skinner
6,0,0,0,0,0,0,0,0.0,2023/24,2nd,0,0,0,O Staples
12,9,2,0,0,0,0,49,4.083333333333333,2023/24,2nd,45,4,0,C Taylor
5,1,0,0,0,0,0,5,1.0,2023/24,2nd,5,0,0,A Vickers
11,1,0,0,0,1,0,5,0.45454545454545453,2023/24,2nd,5,0,0,B Watkinson
3,0,0,0,0,0,0,0,0.0,2023/24,2nd,0,0,0,J Weaver
2,2,0,0,0,0,0,10,5.0,2023/24,2nd,10,0,0,H White
2,2,0,0,0,0,0,10,5.0,2023/24,2nd,10,0,0,A Yaffa
3,0,0,0,0,0,0,0,0.0,2024/25,2nd,0,0,0,D Anson-Gates
4,2,0,0,0,0,0,10,2.5,2024/25,2nd,10,0,0,D Arnold
1,0,0,0,0,0,0,0,0.0,2024/25,2nd,0,0,0,G Arthur
2,0,0,0,0,0,0,0,0.0,2024/25,2nd,0,0,0,E Arundell
2,0,0,0,0,0,0,0,0.0,2024/25,2nd,0,0,0,B Beard
4,0,0,0,0,0,0,0,0.0,2024/25,2nd,0,0,0,G Beet
15,0,0,0,0,0,0,0,0.0,2024/25,2nd,0,0,0,H Berry
5,6,5,0,0,0,0,40,8.0,2024/25,2nd,30,10,0,J Billin
1,0,0,0,0,0,0,0,0.0,2024/25,2nd,0,0,0,D Blake
3,0,0,0,0,2,0,0,0.0,2024/25,2nd,0,0,0,A Boczek
4,0,0,0,0,0,0,0,0.0,2024/25,2nd,0,0,0,D Bowe
6,0,0,0,0,0,0,0,0.0,2024/25,2nd,0,0,0,G Brack
2,0,0,0,0,0,0,0,0.0,2024/25,2nd,0,0,0,W Bramwell
2,2,0,0,0,0,0,10,5.0,2024/25,2nd,10,0,0,D Bridges
1,0,0,0,0,0,0,0,0.0,2024/25,2nd,0,0,0,J Bull
1,0,0,0,0,0,0,0,0.0,2024/25,2nd,0,0,0,M Burger
9,0,0,0,0,0,0,0,0.0,2024/25,2nd,0,0,0,T Byron
1,0,0,0,0,0,0,0,0.0,2024/25,2nd,0,0,0,K Clarke
1,0,0,0,0,0,0,0,0.0,2024/25,2nd,0,0,0,G Collins
4,1,0,0,0,0,0,5,1.25,2024/25,2nd,5,0,0,M Crawley-Moore
3,0,0,0,0,0,0,0,0.0,2024/25,2nd,0,0,0,B Davis
1,0,0,0,0,0,0,0,0.0,2024/25,2nd,0,0,0,R Evans
9,0,0,0,0,0,0,0,0.0,2024/25,2nd,0,0,0,R Evans
1,1,1,0,0,0,0,7,7.0,2024/25,2nd,5,2,0,F Fisher
3,0,0,0,0,0,0,0,0.0,2024/25,2nd,0,0,0,R Foster
6,2,0,0,0,0,0,10,1.6666666666666667,2024/25,2nd,10,0,0,D Fraser
1,0,0,0,0,0,0,0,0.0,2024/25,2nd,0,0,0,J Funnell
2,3,0,0,0,0,0,15,7.5,2024/25,2nd,15,0,0,C Geraghty
8,1,0,0,0,0,0,5,0.625,2024/25,2nd,5,0,0,E Gosling
2,0,0,0,0,0,0,0,0.0,2024/25,2nd,0,0,0,B Gray
10,1,5,0,0,1,0,15,1.5,2024/25,2nd,5,10,0,B Green
2,1,0,0,0,0,0,5,2.5,2024/25,2nd,5,0,0,J Griffiths
6,0,0,0,0,0,0,0,0.0,2024/25,2nd,0,0,0,D Hammocks
4,0,0,0,0,0,0,0,0.0,2024/25,2nd,0,0,0,D Hammocks
1,1,0,0,0,0,0,5,5.0,2024/25,2nd,5,0,0,T Hardisty
6,2,0,0,0,0,0,10,1.6666666666666667,2024/25,2nd,10,0,0,R Harris
2,0,0,0,0,0,0,0,0.0,2024/25,2nd,0,0,0,O Hodge
4,0,0,0,0,1,0,0,0.0,2024/25,2nd,0,0,0,D Hulst
3,0,0,0,0,0,0,0,0.0,2024/25,2nd,0,0,0,J Jackob
2,0,0,0,0,0,0,0,0.0,2024/25,2nd,0,0,0,J Jardim
3,0,2,0,0,0,0,4,1.3333333333333333,2024/25,2nd,0,4,0,J Jenkins
4,0,0,0,0,0,0,0,0.0,2024/25,2nd,0,0,0,O Johnston
2,1,1,0,0,0,0,7,3.5,2024/25,2nd,5,2,0,S Johnston
2,0,0,0,0,0,0,0,0.0,2024/25,2nd,0,0,0,S Johnston
6,1,0,0,0,0,0,5,0.8333333333333334,2024/25,2nd,5,0,0,G Jones
1,0,0,0,0,0,0,0,0.0,2024/25,2nd,0,0,0,O Jones
1,1,0,0,0,0,0,5,5.0,2024/25,2nd,5,0,0,S Kennett
4,0,0,0,0,0,0,0,0.0,2024/25,2nd,0,0,0,I Lawal
1,2,0,0,0,0,0,10,10.0,2024/25,2nd,10,0,0,J Lear
5,2,0,0,0,0,0,10,2.0,2024/25,2nd,10,0,0,M Lewis
1,0,0,0,0,0,0,0,0.0,2024/25,2nd,0,0,0,S Lindsay
1,0,3,0,0,0,0,6,6.0,2024/25,2nd,0,6,0,L Maker
8,0,0,0,0,0,0,0,0.0,2024/25,2nd,0,0,0,J Martin
1,1,0,0,0,0,0,5,5.0,2024/25,2nd,5,0,0,E Martin-Drew
9,1,0,0,0,0,0,5,0.5555555555555556,2024/25,2nd,5,0,0,S Mccarthy
1,0,0,0,0,0,0,0,0.0,2024/25,2nd,0,0,0,N Merrion
4,1,0,0,0,0,0,5,1.25,2024/25,2nd,5,0,0,A Moffatt
1,0,0,0,0,0,0,0,0.0,2024/25,2nd,0,0,0,T Mooney
1,0,0,0,0,0,0,0,0.0,2024/25,2nd,0,0,0,M Morgan
1,0,0,0,0,0,0,0,0.0,2024/25,2nd,0,0,0,S Morgan
4,3,1,0,0,1,0,17,4.25,2024/25,2nd,15,2,0,R Morlen
7,0,0,0,0,0,0,0,0.0,2024/25,2nd,0,0,0,P Morley
3,1,0,0,0,0,0,5,1.6666666666666667,2024/25,2nd,5,0,0,T Morris
1,0,0,0,0,0,0,0,0.0,2024/25,2nd,0,0,0,T Nasta
9,0,0,0,0,1,0,0,0.0,2024/25,2nd,0,0,0,G Naylor
2,0,0,0,0,0,0,0,0.0,2024/25,2nd,0,0,0,M Oliver
6,2,0,0,0,0,0,10,1.6666666666666667,2024/25,2nd,10,0,0,N Oliver
1,0,0,0,0,0,0,0,0.0,2024/25,2nd,0,0,0,B O'Conor
1,0,0,0,0,0,0,0,0.0,2024/25,2nd,0,0,0,J Peaty
4,0,0,0,0,0,0,0,0.0,2024/25,2nd,0,0,0,B Pellett
12,0,0,0,0,0,0,0,0.0,2024/25,2nd,0,0,0,M Presland
1,0,0,0,0,0,0,0,0.0,2024/25,2nd,0,0,0,C Pullen
3,1,2,3,0,0,0,18,6.0,2024/25,2nd,5,4,9,N Roberts
7,4,0,0,0,0,0,20,2.857142857142857,2024/25,2nd,20,0,0,W Roberts
5,0,0,0,0,0,0,0,0.0,2024/25,2nd,0,0,0,R Salvi
10,1,0,0,0,0,0,5,0.5,2024/25,2nd,5,0,0,O Shay
3,3,2,0,0,0,0,19,6.333333333333333,2024/25,2nd,15,4,0,P Shepherd
2,0,0,0,0,0,0,0,0.0,2024/25,2nd,0,0,0,S Shimizu
5,2,3,1,0,0,0,19,3.8,2024/25,2nd,10,6,3,R Skinner
2,3,1,0,0,0,0,17,8.5,2024/25,2nd,15,2,0,S Spriddell
5,0,0,0,0,0,0,0,0.0,2024/25,2nd,0,0,0,O Staples
5,2,0,0,0,0,0,10,2.0,2024/25,2nd,10,0,0,P Thomson
4,0,0,0,0,0,0,0,0.0,2024/25,2nd,0,0,0,C Taylor
1,0,0,0,0,0,0,0,0.0,2024/25,2nd,0,0,0,B Tottman
1,0,0,0,0,0,0,0,0.0,2024/25,2nd,0,0,0,L Waite
8,0,0,0,0,0,0,0,0.0,2024/25,2nd,0,0,0,B Watkinson
2,0,0,0,0,0,0,0,0.0,2024/25,2nd,0,0,0,J Weaver
2,1,0,0,0,0,0,5,2.5,2024/25,2nd,5,0,0,C Williams
1,0,0,0,0,0,0,0,0.0,2024/25,2nd,0,0,0,D Maynard
